"Mean","Median","SD","Min","Max"
58.2631578947368,57,30.3605045069763,9,99
